group	group_code	country	iso2	references
Pacific Islands	pacific-islands	American Samoa	AS	https://www.lonelyplanet.com/maps/pacific/
Pacific Islands	pacific-islands	Cook Islands	CK	https://www.lonelyplanet.com/maps/pacific/
Pacific Islands	pacific-islands	"Micronesia, Federated States of"	FM	https://www.lonelyplanet.com/maps/pacific/
Pacific Islands	pacific-islands	Fiji	FJ	https://www.lonelyplanet.com/maps/pacific/
Pacific Islands	pacific-islands	French Polynesia	PF	https://www.lonelyplanet.com/maps/pacific/
Pacific Islands	pacific-islands	Guam	GU	https://www.lonelyplanet.com/maps/pacific/
Pacific Islands	pacific-islands	Kiribati	KI	https://www.lonelyplanet.com/maps/pacific/
Pacific Islands	pacific-islands	Marshall Islands	MH	https://www.lonelyplanet.com/maps/pacific/
Pacific Islands	pacific-islands	Nauru	NR	https://www.lonelyplanet.com/maps/pacific/
Pacific Islands	pacific-islands	New Caledonia	NC	https://www.lonelyplanet.com/maps/pacific/
Pacific Islands	pacific-islands	Niue	NU	https://www.lonelyplanet.com/maps/pacific/
Pacific Islands	pacific-islands	Northern Mariana Islands	MP	https://www.lonelyplanet.com/maps/pacific/
Pacific Islands	pacific-islands	Palau	PW	https://www.lonelyplanet.com/maps/pacific/
Pacific Islands	pacific-islands	Papua New Guinea	PG	https://www.lonelyplanet.com/maps/pacific/
Pacific Islands	pacific-islands	Pitcairn Islands	PN	https://www.lonelyplanet.com/maps/pacific/
Pacific Islands	pacific-islands	Samoa	WS	https://www.lonelyplanet.com/maps/pacific/
Pacific Islands	pacific-islands	Solomon Islands	SB	https://www.lonelyplanet.com/maps/pacific/
Pacific Islands	pacific-islands	Tokelau	TK	https://www.lonelyplanet.com/maps/pacific/
Pacific Islands	pacific-islands	Tonga	TO	https://www.lonelyplanet.com/maps/pacific/
Pacific Islands	pacific-islands	Tuvalu	TV	https://www.lonelyplanet.com/maps/pacific/
Pacific Islands	pacific-islands	Vanuatu	VU	https://www.lonelyplanet.com/maps/pacific/
Pacific Islands	pacific-islands	Wallis and Futuna Islands	WF	https://www.lonelyplanet.com/maps/pacific/
Pacific Islands	pacific-islands	Australia	AU	https://www.lonelyplanet.com/maps/pacific/
Pacific Islands	pacific-islands	New Zealand	NZ	https://www.lonelyplanet.com/maps/pacific/
South America	south-america	Argentina	AR	https://www.countries-ofthe-world.com/countries-of-south-america.html
South America	south-america	Ecuador	EC	https://www.countries-ofthe-world.com/countries-of-south-america.html
South America	south-america	Suriname	SR	https://www.countries-ofthe-world.com/countries-of-south-america.html
South America	south-america	Bolivia	BO	https://www.countries-ofthe-world.com/countries-of-south-america.html
South America	south-america	Brazil	BR	https://www.countries-ofthe-world.com/countries-of-south-america.html
South America	south-america	Guyana	GY	https://www.countries-ofthe-world.com/countries-of-south-america.html
South America	south-america	Uruguay	UY	https://www.countries-ofthe-world.com/countries-of-south-america.html
South America	south-america	Chile	CL	https://www.countries-ofthe-world.com/countries-of-south-america.html
South America	south-america	Colombia	CO	https://www.countries-ofthe-world.com/countries-of-south-america.html
South America	south-america	Paraguay	PY	https://www.countries-ofthe-world.com/countries-of-south-america.html
South America	south-america	Peru	PE	https://www.countries-ofthe-world.com/countries-of-south-america.html
South America	south-america	Venezuela 	VE	https://www.countries-ofthe-world.com/countries-of-south-america.html
G-7	g-7	Canada	CA	"“World Economic Outlook Database, October 2017.” Major Advanced Economies (G7), International Monetary Fund (IMF), Oct. 2017, www.imf.org/external/pubs/ft/weo/2017/02/weodata/weoselco.aspx?g=119."
G-7	g-7	United States of America	US	"“World Economic Outlook Database, October 2017.” Major Advanced Economies (G7), International Monetary Fund (IMF), Oct. 2017, www.imf.org/external/pubs/ft/weo/2017/02/weodata/weoselco.aspx?g=119."
G-7	g-7	Italy	IT	"“World Economic Outlook Database, October 2017.” Major Advanced Economies (G7), International Monetary Fund (IMF), Oct. 2017, www.imf.org/external/pubs/ft/weo/2017/02/weodata/weoselco.aspx?g=119."
G-7	g-7	Germany	DE	"“World Economic Outlook Database, October 2017.” Major Advanced Economies (G7), International Monetary Fund (IMF), Oct. 2017, www.imf.org/external/pubs/ft/weo/2017/02/weodata/weoselco.aspx?g=119."
G-7	g-7	France	FR	"“World Economic Outlook Database, October 2017.” Major Advanced Economies (G7), International Monetary Fund (IMF), Oct. 2017, www.imf.org/external/pubs/ft/weo/2017/02/weodata/weoselco.aspx?g=119."
G-7	g-7	Japan	JP	"“World Economic Outlook Database, October 2017.” Major Advanced Economies (G7), International Monetary Fund (IMF), Oct. 2017, www.imf.org/external/pubs/ft/weo/2017/02/weodata/weoselco.aspx?g=119."
G-7	g-7	United Kingdom	GB	"“World Economic Outlook Database, October 2017.” Major Advanced Economies (G7), International Monetary Fund (IMF), Oct. 2017, www.imf.org/external/pubs/ft/weo/2017/02/weodata/weoselco.aspx?g=119."
EU	eu	Austria	AT	https://www.gov.uk/eu-eea
EU	eu	Belgium	BE	https://www.gov.uk/eu-eea
EU	eu	Bulgaria	BG	https://www.gov.uk/eu-eea
EU	eu	Croatia	HR	https://www.gov.uk/eu-eea
EU	eu	Republic of Cyprus	CY	https://www.gov.uk/eu-eea
EU	eu	Czech Republic	CZ	https://www.gov.uk/eu-eea
EU	eu	Denmark	DK	https://www.gov.uk/eu-eea
EU	eu	Estonia	EE	https://www.gov.uk/eu-eea
EU	eu	Finland	FI	https://www.gov.uk/eu-eea
EU	eu	France	FR	https://www.gov.uk/eu-eea
EU	eu	Germany	DE	https://www.gov.uk/eu-eea
EU	eu	Greece	GR	https://www.gov.uk/eu-eea
EU	eu	Hungary	HU	https://www.gov.uk/eu-eea
EU	eu	Ireland	IE	https://www.gov.uk/eu-eea
EU	eu	Italy	IT	https://www.gov.uk/eu-eea
EU	eu	Latvia	LV	https://www.gov.uk/eu-eea
EU	eu	Lithuania	LT	https://www.gov.uk/eu-eea
EU	eu	Luxembourg	LU	https://www.gov.uk/eu-eea
EU	eu	Malta	MT	https://www.gov.uk/eu-eea
EU	eu	Netherlands	NL	https://www.gov.uk/eu-eea
EU	eu	Poland	PL	https://www.gov.uk/eu-eea
EU	eu	Portugal	PT	https://www.gov.uk/eu-eea
EU	eu	Romania	RO	https://www.gov.uk/eu-eea
EU	eu	Slovakia	SK	https://www.gov.uk/eu-eea
EU	eu	Slovenia	SI	https://www.gov.uk/eu-eea
EU	eu	Spain	ES	https://www.gov.uk/eu-eea
EU	eu	Sweden	SE	https://www.gov.uk/eu-eea
EU	eu	United Kingdom	GB	https://www.gov.uk/eu-eea
Indo-Pacific	ipr	Afghanistan	AF	https://www.theglobalfund.org/media/1032/publication_indopacificregionalimpact_report_en.pdf?u=636486807190000000
Indo-Pacific	ipr	Bangladesh	BD	https://www.theglobalfund.org/media/1032/publication_indopacificregionalimpact_report_en.pdf?u=636486807190000000
Indo-Pacific	ipr	Bhutan	BT	https://www.theglobalfund.org/media/1032/publication_indopacificregionalimpact_report_en.pdf?u=636486807190000000
Indo-Pacific	ipr	Cambodia	KH	https://www.theglobalfund.org/media/1032/publication_indopacificregionalimpact_report_en.pdf?u=636486807190000000
Indo-Pacific	ipr	Fiji	FJ	https://www.theglobalfund.org/media/1032/publication_indopacificregionalimpact_report_en.pdf?u=636486807190000000
Indo-Pacific	ipr	India	IN	https://www.theglobalfund.org/media/1032/publication_indopacificregionalimpact_report_en.pdf?u=636486807190000000
Indo-Pacific	ipr	Indonesia	ID	https://www.theglobalfund.org/media/1032/publication_indopacificregionalimpact_report_en.pdf?u=636486807190000000
Indo-Pacific	ipr	Iran	IR	https://www.theglobalfund.org/media/1032/publication_indopacificregionalimpact_report_en.pdf?u=636486807190000000
Indo-Pacific	ipr	Iraq	IQ	https://www.theglobalfund.org/media/1032/publication_indopacificregionalimpact_report_en.pdf?u=636486807190000000
Indo-Pacific	ipr	Kenya	KE	https://www.theglobalfund.org/media/1032/publication_indopacificregionalimpact_report_en.pdf?u=636486807190000000
Indo-Pacific	ipr	North Korea	KP	https://www.theglobalfund.org/media/1032/publication_indopacificregionalimpact_report_en.pdf?u=636486807190000000
Indo-Pacific	ipr	Laos	LA	https://www.theglobalfund.org/media/1032/publication_indopacificregionalimpact_report_en.pdf?u=636486807190000000
Indo-Pacific	ipr	Malaysia	MY	https://www.theglobalfund.org/media/1032/publication_indopacificregionalimpact_report_en.pdf?u=636486807190000000
Indo-Pacific	ipr	Maldives	MV	https://www.theglobalfund.org/media/1032/publication_indopacificregionalimpact_report_en.pdf?u=636486807190000000
Indo-Pacific	ipr	Mongolia	MN	https://www.theglobalfund.org/media/1032/publication_indopacificregionalimpact_report_en.pdf?u=636486807190000000
Indo-Pacific	ipr	Mozambique	MZ	https://www.theglobalfund.org/media/1032/publication_indopacificregionalimpact_report_en.pdf?u=636486807190000000
Indo-Pacific	ipr	Myanmar	MM	https://www.theglobalfund.org/media/1032/publication_indopacificregionalimpact_report_en.pdf?u=636486807190000000
Indo-Pacific	ipr	Nepal	NP	https://www.theglobalfund.org/media/1032/publication_indopacificregionalimpact_report_en.pdf?u=636486807190000000
Indo-Pacific	ipr	Pakistan	PK	https://www.theglobalfund.org/media/1032/publication_indopacificregionalimpact_report_en.pdf?u=636486807190000000
Indo-Pacific	ipr	Papua New Guinea	PG	https://www.theglobalfund.org/media/1032/publication_indopacificregionalimpact_report_en.pdf?u=636486807190000000
Indo-Pacific	ipr	Philippines	PH	https://www.theglobalfund.org/media/1032/publication_indopacificregionalimpact_report_en.pdf?u=636486807190000000
Indo-Pacific	ipr	Solomon Islands	SB	https://www.theglobalfund.org/media/1032/publication_indopacificregionalimpact_report_en.pdf?u=636486807190000000
Indo-Pacific	ipr	Somalia	SO	https://www.theglobalfund.org/media/1032/publication_indopacificregionalimpact_report_en.pdf?u=636486807190000000
Indo-Pacific	ipr	South Africa	ZA	https://www.theglobalfund.org/media/1032/publication_indopacificregionalimpact_report_en.pdf?u=636486807190000000
Indo-Pacific	ipr	Sri Lanka	LK	https://www.theglobalfund.org/media/1032/publication_indopacificregionalimpact_report_en.pdf?u=636486807190000000
Indo-Pacific	ipr	Tanzania	TZ	https://www.theglobalfund.org/media/1032/publication_indopacificregionalimpact_report_en.pdf?u=636486807190000000
Indo-Pacific	ipr	Thailand	TH	https://www.theglobalfund.org/media/1032/publication_indopacificregionalimpact_report_en.pdf?u=636486807190000000
Indo-Pacific	ipr	Timor-Leste	TL	https://www.theglobalfund.org/media/1032/publication_indopacificregionalimpact_report_en.pdf?u=636486807190000000
Indo-Pacific	ipr	Vietnam	VN	https://www.theglobalfund.org/media/1032/publication_indopacificregionalimpact_report_en.pdf?u=636486807190000000
Indo-Pacific	ipr	Yemen	YE	https://www.theglobalfund.org/media/1032/publication_indopacificregionalimpact_report_en.pdf?u=636486807190000000
Indo-Pacific	ipr	Zanzibar		https://www.theglobalfund.org/media/1032/publication_indopacificregionalimpact_report_en.pdf?u=636486807190000000
Southeast Asia	southeastasia	Brunei	BN	https://www.niu.edu/cseas/resources/countries.shtml
Southeast Asia	southeastasia	Burma (Myanmar)	MM	https://www.niu.edu/cseas/resources/countries.shtml
Southeast Asia	southeastasia	Cambodia	KH	https://www.niu.edu/cseas/resources/countries.shtml
Southeast Asia	southeastasia	Timor-Leste	TL	https://www.niu.edu/cseas/resources/countries.shtml
Southeast Asia	southeastasia	Indonesia	ID	https://www.niu.edu/cseas/resources/countries.shtml
Southeast Asia	southeastasia	Laos	LA	https://www.niu.edu/cseas/resources/countries.shtml
Southeast Asia	southeastasia	Malaysia	MY	https://www.niu.edu/cseas/resources/countries.shtml
Southeast Asia	southeastasia	Philippines	PH	https://www.niu.edu/cseas/resources/countries.shtml
Southeast Asia	southeastasia	Singapore	SG	https://www.niu.edu/cseas/resources/countries.shtml
Southeast Asia	southeastasia	Thailand	TH	https://www.niu.edu/cseas/resources/countries.shtml
Southeast Asia	southeastasia	Vietnam	VN	https://www.niu.edu/cseas/resources/countries.shtml
Mano River Union	mru	Cote D'Ivoire	CI	http://www.afro.who.int/news/mano-river-union-countries-committed-eradicate-neglected-tropical-diseases
Mano River Union	mru	Guinea	GN	http://www.afro.who.int/news/mano-river-union-countries-committed-eradicate-neglected-tropical-diseases
Mano River Union	mru	Liberia	LR	http://www.afro.who.int/news/mano-river-union-countries-committed-eradicate-neglected-tropical-diseases
Mano River Union	mru	Sierra Leone	SL	http://www.afro.who.int/news/mano-river-union-countries-committed-eradicate-neglected-tropical-diseases
East Africa	east-africa	Burundi	BI	https://unstats.un.org/unsd/methodology/m49/
East Africa	east-africa	Comoros	KM	https://unstats.un.org/unsd/methodology/m49/
East Africa	east-africa	Djibouti	DJ	https://unstats.un.org/unsd/methodology/m49/
East Africa	east-africa	Eritrea	ER	https://unstats.un.org/unsd/methodology/m49/
East Africa	east-africa	Ethiopia	ET	https://unstats.un.org/unsd/methodology/m49/
East Africa	east-africa	Kenya	KE	https://unstats.un.org/unsd/methodology/m49/
East Africa	east-africa	Madagascar	MG	https://unstats.un.org/unsd/methodology/m49/
East Africa	east-africa	Malawi	MW	https://unstats.un.org/unsd/methodology/m49/
East Africa	east-africa	Mauritius	MU	https://unstats.un.org/unsd/methodology/m49/
East Africa	east-africa	Mayotte	YT	https://unstats.un.org/unsd/methodology/m49/
East Africa	east-africa	Mozambique	MZ	https://unstats.un.org/unsd/methodology/m49/
East Africa	east-africa	Reunion		https://unstats.un.org/unsd/methodology/m49/
East Africa	east-africa	Rwanda	RW	https://unstats.un.org/unsd/methodology/m49/
East Africa	east-africa	Seychelles	SC	https://unstats.un.org/unsd/methodology/m49/
East Africa	east-africa	Somalia	SO	https://unstats.un.org/unsd/methodology/m49/
East Africa	east-africa	South Sudan	SS	https://unstats.un.org/unsd/methodology/m49/
East Africa	east-africa	Uganda	UG	https://unstats.un.org/unsd/methodology/m49/
East Africa	east-africa	United Republic of Tanzania	TZ	https://unstats.un.org/unsd/methodology/m49/
East Africa	east-africa	Zambia	ZM	https://unstats.un.org/unsd/methodology/m49/
East Africa	east-africa	Zimbabwe	ZW	https://unstats.un.org/unsd/methodology/m49/
West Africa	west-africa	Benin	BJ	https://unstats.un.org/unsd/methodology/m49/
West Africa	west-africa	Burkina Faso	BF	https://unstats.un.org/unsd/methodology/m49/
West Africa	west-africa	Cabo Verde	CV	https://unstats.un.org/unsd/methodology/m49/
West Africa	west-africa	Cote D'Ivoire	CI	https://unstats.un.org/unsd/methodology/m49/
West Africa	west-africa	Gambia	GM	https://unstats.un.org/unsd/methodology/m49/
West Africa	west-africa	Guinea-Bissau	GW	https://unstats.un.org/unsd/methodology/m49/
West Africa	west-africa	Liberia	LR	https://unstats.un.org/unsd/methodology/m49/
West Africa	west-africa	Mali	ML	https://unstats.un.org/unsd/methodology/m49/
West Africa	west-africa	Mauritania	MR	https://unstats.un.org/unsd/methodology/m49/
West Africa	west-africa	Niger	NE	https://unstats.un.org/unsd/methodology/m49/
West Africa	west-africa	Nigeria	NG	https://unstats.un.org/unsd/methodology/m49/
West Africa	west-africa	Saint Helena	SH	https://unstats.un.org/unsd/methodology/m49/
West Africa	west-africa	Senegal	SN	https://unstats.un.org/unsd/methodology/m49/
West Africa	west-africa	Sierra Leone	SL	https://unstats.un.org/unsd/methodology/m49/
West Africa	west-africa	Togo	TG	https://unstats.un.org/unsd/methodology/m49/
North Africa	north-africa	Algeria	DZ	https://unstats.un.org/unsd/methodology/m49/
North Africa	north-africa	Egypt	EG	https://unstats.un.org/unsd/methodology/m49/
North Africa	north-africa	Libya	LY	https://unstats.un.org/unsd/methodology/m49/
North Africa	north-africa	Morocco	MA	https://unstats.un.org/unsd/methodology/m49/
North Africa	north-africa	Sudan	SD	https://unstats.un.org/unsd/methodology/m49/
North Africa	north-africa	Tunisia	TN	https://unstats.un.org/unsd/methodology/m49/
North Africa	north-africa	Western Sahara	EH	https://unstats.un.org/unsd/methodology/m49/
Middle Africa	middle-africa	Angola	AO	https://unstats.un.org/unsd/methodology/m49/
Middle Africa	middle-africa	Cameroon	CM	https://unstats.un.org/unsd/methodology/m49/
Middle Africa	middle-africa	Central African Republic	CF	https://unstats.un.org/unsd/methodology/m49/
Middle Africa	middle-africa	Chad	TD	https://unstats.un.org/unsd/methodology/m49/
Middle Africa	middle-africa	Congo	CD	https://unstats.un.org/unsd/methodology/m49/
Middle Africa	middle-africa	Democratic Republic of the Congo	CG	https://unstats.un.org/unsd/methodology/m49/
Middle Africa	middle-africa	Equatorial Guinea	GQ	https://unstats.un.org/unsd/methodology/m49/
Middle Africa	middle-africa	Gabon	GA	https://unstats.un.org/unsd/methodology/m49/
Middle Africa	middle-africa	Sao Tome and Principe	ST	https://unstats.un.org/unsd/methodology/m49/
Southern Africa	southern-africa	Botswana	BW	https://unstats.un.org/unsd/methodology/m49/
Southern Africa	southern-africa	Eswatini	SZ	https://unstats.un.org/unsd/methodology/m49/
Southern Africa	southern-africa	Lesotho	LS	https://unstats.un.org/unsd/methodology/m49/
Southern Africa	southern-africa	Namibia	NA	https://unstats.un.org/unsd/methodology/m49/
Southern Africa	southern-africa	South Africa	ZA	https://unstats.un.org/unsd/methodology/m49/
Africa	africa	Algeria	DZ	https://unstats.un.org/unsd/methodology/m49/
Africa	africa	Egypt	EG	https://unstats.un.org/unsd/methodology/m49/
Africa	africa	Libya	LY	https://unstats.un.org/unsd/methodology/m49/
Africa	africa	Morocco	MA	https://unstats.un.org/unsd/methodology/m49/
Africa	africa	Sudan	SD	https://unstats.un.org/unsd/methodology/m49/
Africa	africa	Tunisia	TN	https://unstats.un.org/unsd/methodology/m49/
Africa	africa	Western Sahara	EH	https://unstats.un.org/unsd/methodology/m49/
Africa	africa	British Indian Ocean Territory	IO	https://unstats.un.org/unsd/methodology/m49/
Africa	africa	Burundi	BI	https://unstats.un.org/unsd/methodology/m49/
Africa	africa	Comoros	KM	https://unstats.un.org/unsd/methodology/m49/
Africa	africa	Djibouti	DJ	https://unstats.un.org/unsd/methodology/m49/
Africa	africa	Eritrea	ER	https://unstats.un.org/unsd/methodology/m49/
Africa	africa	Ethiopia	ET	https://unstats.un.org/unsd/methodology/m49/
Africa	africa	French Southern Territories	TF	https://unstats.un.org/unsd/methodology/m49/
Africa	africa	Kenya	KE	https://unstats.un.org/unsd/methodology/m49/
Africa	africa	Madagascar	MG	https://unstats.un.org/unsd/methodology/m49/
Africa	africa	Malawi	MW	https://unstats.un.org/unsd/methodology/m49/
Africa	africa	Mauritius	MU	https://unstats.un.org/unsd/methodology/m49/
Africa	africa	Mayotte	YT	https://unstats.un.org/unsd/methodology/m49/
Africa	africa	Mozambique	MZ	https://unstats.un.org/unsd/methodology/m49/
Africa	africa	Reunion		https://unstats.un.org/unsd/methodology/m49/
Africa	africa	Rwanda	RW	https://unstats.un.org/unsd/methodology/m49/
Africa	africa	Seychelles	SC	https://unstats.un.org/unsd/methodology/m49/
Africa	africa	Somalia	SO	https://unstats.un.org/unsd/methodology/m49/
Africa	africa	South Sudan	SS	https://unstats.un.org/unsd/methodology/m49/
Africa	africa	Uganda	UG	https://unstats.un.org/unsd/methodology/m49/
Africa	africa	United Republic of Tanzania	TZ	https://unstats.un.org/unsd/methodology/m49/
Africa	africa	Zambia	ZM	https://unstats.un.org/unsd/methodology/m49/
Africa	africa	Zimbabwe	ZW	https://unstats.un.org/unsd/methodology/m49/
Africa	africa	Angola	AO	https://unstats.un.org/unsd/methodology/m49/
Africa	africa	Cameroon	CM	https://unstats.un.org/unsd/methodology/m49/
Africa	africa	Central African Republic	CF	https://unstats.un.org/unsd/methodology/m49/
Africa	africa	Chad	TD	https://unstats.un.org/unsd/methodology/m49/
Africa	africa	Congo	CD	https://unstats.un.org/unsd/methodology/m49/
Africa	africa	Democratic Republic of the Congo	CG	https://unstats.un.org/unsd/methodology/m49/
Africa	africa	Equatorial Guinea	GQ	https://unstats.un.org/unsd/methodology/m49/
Africa	africa	Gabon	GA	https://unstats.un.org/unsd/methodology/m49/
Africa	africa	Sao Tome and Principe	ST	https://unstats.un.org/unsd/methodology/m49/
Africa	africa	Botswana	BW	https://unstats.un.org/unsd/methodology/m49/
Africa	africa	Eswatini	SZ	https://unstats.un.org/unsd/methodology/m49/
Africa	africa	Lesotho	LS	https://unstats.un.org/unsd/methodology/m49/
Africa	africa	Namibia	NA	https://unstats.un.org/unsd/methodology/m49/
Africa	africa	South Africa	ZA	https://unstats.un.org/unsd/methodology/m49/
Africa	africa	Benin	BJ	https://unstats.un.org/unsd/methodology/m49/
Africa	africa	Burkina Faso	BF	https://unstats.un.org/unsd/methodology/m49/
Africa	africa	Cabo Verde	CV	https://unstats.un.org/unsd/methodology/m49/
Africa	africa	Cote D'Ivoire	CI	https://unstats.un.org/unsd/methodology/m49/
Africa	africa	Gambia	GM	https://unstats.un.org/unsd/methodology/m49/
Africa	africa	Ghana	GH	https://unstats.un.org/unsd/methodology/m49/
Africa	africa	Guinea	GN	https://unstats.un.org/unsd/methodology/m49/
Africa	africa	Guinea-Bissau	GW	https://unstats.un.org/unsd/methodology/m49/
Africa	africa	Liberia	LR	https://unstats.un.org/unsd/methodology/m49/
Africa	africa	Mali	ML	https://unstats.un.org/unsd/methodology/m49/
Africa	africa	Mauritania	MR	https://unstats.un.org/unsd/methodology/m49/
Africa	africa	Niger	NE	https://unstats.un.org/unsd/methodology/m49/
Africa	africa	Nigeria	NG	https://unstats.un.org/unsd/methodology/m49/
Africa	africa	Saint Helena	SH	https://unstats.un.org/unsd/methodology/m49/
Africa	africa	Senegal	SN	https://unstats.un.org/unsd/methodology/m49/
Africa	africa	Sierra Leone	SL	https://unstats.un.org/unsd/methodology/m49/
Africa	africa	Togo	TG	https://unstats.un.org/unsd/methodology/m49/
Sub-Saharan Africa	ss-africa	British Indian Ocean Territory	IO	https://unstats.un.org/unsd/methodology/m49/
Sub-Saharan Africa	ss-africa	Burundi	BI	https://unstats.un.org/unsd/methodology/m49/
Sub-Saharan Africa	ss-africa	Comoros	KM	https://unstats.un.org/unsd/methodology/m49/
Sub-Saharan Africa	ss-africa	Djibouti	DJ	https://unstats.un.org/unsd/methodology/m49/
Sub-Saharan Africa	ss-africa	Eritrea	ER	https://unstats.un.org/unsd/methodology/m49/
Sub-Saharan Africa	ss-africa	Ethiopia	ET	https://unstats.un.org/unsd/methodology/m49/
Sub-Saharan Africa	ss-africa	French Southern Territories	TF	https://unstats.un.org/unsd/methodology/m49/
Sub-Saharan Africa	ss-africa	Kenya	KE	https://unstats.un.org/unsd/methodology/m49/
Sub-Saharan Africa	ss-africa	Madagascar	MG	https://unstats.un.org/unsd/methodology/m49/
Sub-Saharan Africa	ss-africa	Malawi	MW	https://unstats.un.org/unsd/methodology/m49/
Sub-Saharan Africa	ss-africa	Mauritius	MU	https://unstats.un.org/unsd/methodology/m49/
Sub-Saharan Africa	ss-africa	Mayotte	YT	https://unstats.un.org/unsd/methodology/m49/
Sub-Saharan Africa	ss-africa	Mozambique	MZ	https://unstats.un.org/unsd/methodology/m49/
Sub-Saharan Africa	ss-africa	Reunion		https://unstats.un.org/unsd/methodology/m49/
Sub-Saharan Africa	ss-africa	Rwanda	RW	https://unstats.un.org/unsd/methodology/m49/
Sub-Saharan Africa	ss-africa	Seychelles	SC	https://unstats.un.org/unsd/methodology/m49/
Sub-Saharan Africa	ss-africa	Somalia	SO	https://unstats.un.org/unsd/methodology/m49/
Sub-Saharan Africa	ss-africa	South Sudan	SS	https://unstats.un.org/unsd/methodology/m49/
Sub-Saharan Africa	ss-africa	Uganda	UG	https://unstats.un.org/unsd/methodology/m49/
Sub-Saharan Africa	ss-africa	United Republic of Tanzania	TZ	https://unstats.un.org/unsd/methodology/m49/
Sub-Saharan Africa	ss-africa	Zambia	ZM	https://unstats.un.org/unsd/methodology/m49/
Sub-Saharan Africa	ss-africa	Zimbabwe	ZW	https://unstats.un.org/unsd/methodology/m49/
Sub-Saharan Africa	ss-africa	Angola	AO	https://unstats.un.org/unsd/methodology/m49/
Sub-Saharan Africa	ss-africa	Cameroon	CM	https://unstats.un.org/unsd/methodology/m49/
Sub-Saharan Africa	ss-africa	Central African Republic	CF	https://unstats.un.org/unsd/methodology/m49/
Sub-Saharan Africa	ss-africa	Chad	TD	https://unstats.un.org/unsd/methodology/m49/
Sub-Saharan Africa	ss-africa	Congo	CD	https://unstats.un.org/unsd/methodology/m49/
Sub-Saharan Africa	ss-africa	Democratic Republic of the Congo	CG	https://unstats.un.org/unsd/methodology/m49/
Sub-Saharan Africa	ss-africa	Equatorial Guinea	GQ	https://unstats.un.org/unsd/methodology/m49/
Sub-Saharan Africa	ss-africa	Gabon	GA	https://unstats.un.org/unsd/methodology/m49/
Sub-Saharan Africa	ss-africa	Sao Tome and Principe	ST	https://unstats.un.org/unsd/methodology/m49/
Sub-Saharan Africa	ss-africa	Botswana	BW	https://unstats.un.org/unsd/methodology/m49/
Sub-Saharan Africa	ss-africa	Eswatini	SZ	https://unstats.un.org/unsd/methodology/m49/
Sub-Saharan Africa	ss-africa	Lesotho	LS	https://unstats.un.org/unsd/methodology/m49/
Sub-Saharan Africa	ss-africa	Namibia	NA	https://unstats.un.org/unsd/methodology/m49/
Sub-Saharan Africa	ss-africa	South Africa	ZA	https://unstats.un.org/unsd/methodology/m49/
Sub-Saharan Africa	ss-africa	Benin	BJ	https://unstats.un.org/unsd/methodology/m49/
Sub-Saharan Africa	ss-africa	Burkina Faso	BF	https://unstats.un.org/unsd/methodology/m49/
Sub-Saharan Africa	ss-africa	Cabo Verde	CV	https://unstats.un.org/unsd/methodology/m49/
Sub-Saharan Africa	ss-africa	Cote D'Ivoire	CI	https://unstats.un.org/unsd/methodology/m49/
Sub-Saharan Africa	ss-africa	Gambia	GM	https://unstats.un.org/unsd/methodology/m49/
Sub-Saharan Africa	ss-africa	Ghana	GH	https://unstats.un.org/unsd/methodology/m49/
Sub-Saharan Africa	ss-africa	Guinea	GN	https://unstats.un.org/unsd/methodology/m49/
Sub-Saharan Africa	ss-africa	Guinea-Bissau	GW	https://unstats.un.org/unsd/methodology/m49/
Sub-Saharan Africa	ss-africa	Liberia	LR	https://unstats.un.org/unsd/methodology/m49/
Sub-Saharan Africa	ss-africa	Mali	ML	https://unstats.un.org/unsd/methodology/m49/
Sub-Saharan Africa	ss-africa	Mauritania	MR	https://unstats.un.org/unsd/methodology/m49/
Sub-Saharan Africa	ss-africa	Niger	NE	https://unstats.un.org/unsd/methodology/m49/
Sub-Saharan Africa	ss-africa	Nigeria	NG	https://unstats.un.org/unsd/methodology/m49/
Sub-Saharan Africa	ss-africa	Saint Helena	SH	https://unstats.un.org/unsd/methodology/m49/
Sub-Saharan Africa	ss-africa	Senegal	SN	https://unstats.un.org/unsd/methodology/m49/
Sub-Saharan Africa	ss-africa	Sierra Leone	SL	https://unstats.un.org/unsd/methodology/m49/
Sub-Saharan Africa	ss-africa	Togo	TG	https://unstats.un.org/unsd/methodology/m49/
Europe	europe	Belarus	BY	https://unstats.un.org/unsd/methodology/m49/
Europe	europe	Bulgaria	BG	https://unstats.un.org/unsd/methodology/m49/
Europe	europe	Czech Republic	CZ	https://unstats.un.org/unsd/methodology/m49/
Europe	europe	Hungary	HU	https://unstats.un.org/unsd/methodology/m49/
Europe	europe	Poland	PL	https://unstats.un.org/unsd/methodology/m49/
Europe	europe	Republic of Moldova	MD	https://unstats.un.org/unsd/methodology/m49/
Europe	europe	Romania	RO	https://unstats.un.org/unsd/methodology/m49/
Europe	europe	Russian Federation	RU	https://unstats.un.org/unsd/methodology/m49/
Europe	europe	Slovakia	SK	https://unstats.un.org/unsd/methodology/m49/
Europe	europe	Ukraine	UA	https://unstats.un.org/unsd/methodology/m49/
Europe	europe	Guernsey	GG	https://unstats.un.org/unsd/methodology/m49/
Europe	europe	Jersey	JE	https://unstats.un.org/unsd/methodology/m49/
Europe	europe	Sark		https://unstats.un.org/unsd/methodology/m49/
Europe	europe	Denmark	DK	https://unstats.un.org/unsd/methodology/m49/
Europe	europe	Estonia	EE	https://unstats.un.org/unsd/methodology/m49/
Europe	europe	Faroe Islands	FO	https://unstats.un.org/unsd/methodology/m49/
Europe	europe	Finland	FI	https://unstats.un.org/unsd/methodology/m49/
Europe	europe	Iceland	IS	https://unstats.un.org/unsd/methodology/m49/
Europe	europe	Ireland	IE	https://unstats.un.org/unsd/methodology/m49/
Europe	europe	Isle of Man	IM	https://unstats.un.org/unsd/methodology/m49/
Europe	europe	Latvia	LV	https://unstats.un.org/unsd/methodology/m49/
Europe	europe	Lithuania	LT	https://unstats.un.org/unsd/methodology/m49/
Europe	europe	Norway	NO	https://unstats.un.org/unsd/methodology/m49/
Europe	europe	Svalbard and Jan Mayen Islands	SJ	https://unstats.un.org/unsd/methodology/m49/
Europe	europe	Sweden	SE	https://unstats.un.org/unsd/methodology/m49/
Europe	europe	United Kingdom	GB	https://unstats.un.org/unsd/methodology/m49/
Europe	europe	Albania	AL	https://unstats.un.org/unsd/methodology/m49/
Europe	europe	Andorra	AD	https://unstats.un.org/unsd/methodology/m49/
Europe	europe	Bosnia and Herzegovina	BA	https://unstats.un.org/unsd/methodology/m49/
Europe	europe	Croatia	HR	https://unstats.un.org/unsd/methodology/m49/
Europe	europe	Gibraltar	GI	https://unstats.un.org/unsd/methodology/m49/
Europe	europe	Greece	GR	https://unstats.un.org/unsd/methodology/m49/
Europe	europe	Holy See	VA	https://unstats.un.org/unsd/methodology/m49/
Europe	europe	Italy	IT	https://unstats.un.org/unsd/methodology/m49/
Europe	europe	Malta	MT	https://unstats.un.org/unsd/methodology/m49/
Europe	europe	Montenegro	ME	https://unstats.un.org/unsd/methodology/m49/
Europe	europe	Portugal	PT	https://unstats.un.org/unsd/methodology/m49/
Europe	europe	San Marino	SM	https://unstats.un.org/unsd/methodology/m49/
Europe	europe	Serbia	RS	https://unstats.un.org/unsd/methodology/m49/
Europe	europe	Slovenia	SI	https://unstats.un.org/unsd/methodology/m49/
Europe	europe	Spain	ES	https://unstats.un.org/unsd/methodology/m49/
Europe	europe	The former Yugoslav Republic of Macedonia	MK	https://unstats.un.org/unsd/methodology/m49/
Europe	europe	Austria	AT	https://unstats.un.org/unsd/methodology/m49/
Europe	europe	Belgium	BE	https://unstats.un.org/unsd/methodology/m49/
Europe	europe	France	FR	https://unstats.un.org/unsd/methodology/m49/
Europe	europe	Germany	DE	https://unstats.un.org/unsd/methodology/m49/
Europe	europe	Liechtenstein	LI	https://unstats.un.org/unsd/methodology/m49/
Europe	europe	Luxembourg	LU	https://unstats.un.org/unsd/methodology/m49/
Europe	europe	Monaco	MC	https://unstats.un.org/unsd/methodology/m49/
Europe	europe	Netherlands	NL	https://unstats.un.org/unsd/methodology/m49/
Europe	europe	Switzerland	CH	https://unstats.un.org/unsd/methodology/m49/
Latin America	latin-america	Belize	BZ	https://unstats.un.org/unsd/methodology/m49/
Latin America	latin-america	Costa Rica	CR	https://unstats.un.org/unsd/methodology/m49/
Latin America	latin-america	El Salvador	SV	https://unstats.un.org/unsd/methodology/m49/
Latin America	latin-america	Guatemala	GT	https://unstats.un.org/unsd/methodology/m49/
Latin America	latin-america	Honduras	HN	https://unstats.un.org/unsd/methodology/m49/
Latin America	latin-america	Mexico	MX	https://unstats.un.org/unsd/methodology/m49/
Latin America	latin-america	Nicaragua	NI	https://unstats.un.org/unsd/methodology/m49/
Latin America	latin-america	Panama	PA	https://unstats.un.org/unsd/methodology/m49/
Latin America	latin-america	Argentina	AR	https://unstats.un.org/unsd/methodology/m49/
Latin America	latin-america	Bolivia (Plurinational State of)	BO	https://unstats.un.org/unsd/methodology/m49/
Latin America	latin-america	Bouvet Island	BV	https://unstats.un.org/unsd/methodology/m49/
Latin America	latin-america	Brazil	BR	https://unstats.un.org/unsd/methodology/m49/
Latin America	latin-america	Chile	CL	https://unstats.un.org/unsd/methodology/m49/
Latin America	latin-america	Colombia	CO	https://unstats.un.org/unsd/methodology/m49/
Latin America	latin-america	Ecuador	EC	https://unstats.un.org/unsd/methodology/m49/
Latin America	latin-america	Falkland Islands (Malvinas)	FK	https://unstats.un.org/unsd/methodology/m49/
Latin America	latin-america	French Guiana	GF	https://unstats.un.org/unsd/methodology/m49/
Latin America	latin-america	Guyana	GY	https://unstats.un.org/unsd/methodology/m49/
Latin America	latin-america	Paraguay	PY	https://unstats.un.org/unsd/methodology/m49/
Latin America	latin-america	Peru	PE	https://unstats.un.org/unsd/methodology/m49/
Latin America	latin-america	South Georgia and the South Sandwich Islands	GS	https://unstats.un.org/unsd/methodology/m49/
Latin America	latin-america	Suriname	SR	https://unstats.un.org/unsd/methodology/m49/
Latin America	latin-america	Uruguay	UY	https://unstats.un.org/unsd/methodology/m49/
Latin America	latin-america	Venezuela (Bolivarian Republic of)	VE	https://unstats.un.org/unsd/methodology/m49/
Caribbean	caribbean	Anguilla	AI	https://unstats.un.org/unsd/methodology/m49/
Caribbean	caribbean	Antigua and Barbuda	AG	https://unstats.un.org/unsd/methodology/m49/
Caribbean	caribbean	Aruba	AW	https://unstats.un.org/unsd/methodology/m49/
Caribbean	caribbean	Bahamas	BS	https://unstats.un.org/unsd/methodology/m49/
Caribbean	caribbean	Barbados	BB	https://unstats.un.org/unsd/methodology/m49/
Caribbean	caribbean	"Bonaire, Sint Eustatius and Saba"	BQ	https://unstats.un.org/unsd/methodology/m49/
Caribbean	caribbean	British Virgin Islands	VG	https://unstats.un.org/unsd/methodology/m49/
Caribbean	caribbean	Cayman Islands	KY	https://unstats.un.org/unsd/methodology/m49/
Caribbean	caribbean	Cuba	CU	https://unstats.un.org/unsd/methodology/m49/
Caribbean	caribbean	Curaçao	CW	https://unstats.un.org/unsd/methodology/m49/
Caribbean	caribbean	Dominica	DM	https://unstats.un.org/unsd/methodology/m49/
Caribbean	caribbean	Dominican Republic	DO	https://unstats.un.org/unsd/methodology/m49/
Caribbean	caribbean	Grenada	GD	https://unstats.un.org/unsd/methodology/m49/
Caribbean	caribbean	Guadeloupe	GP	https://unstats.un.org/unsd/methodology/m49/
Caribbean	caribbean	Haiti	HT	https://unstats.un.org/unsd/methodology/m49/
Caribbean	caribbean	Jamaica	JM	https://unstats.un.org/unsd/methodology/m49/
Caribbean	caribbean	Martinique	MQ	https://unstats.un.org/unsd/methodology/m49/
Caribbean	caribbean	Montserrat	MS	https://unstats.un.org/unsd/methodology/m49/
Caribbean	caribbean	Puerto Rico	PR	https://unstats.un.org/unsd/methodology/m49/
Caribbean	caribbean	Saint Barthélemy	BL	https://unstats.un.org/unsd/methodology/m49/
Caribbean	caribbean	Saint Kitts and Nevis	KN	https://unstats.un.org/unsd/methodology/m49/
Caribbean	caribbean	Saint Lucia	LC	https://unstats.un.org/unsd/methodology/m49/
Caribbean	caribbean	Saint Martin (French Part)	MF	https://unstats.un.org/unsd/methodology/m49/
Caribbean	caribbean	Saint Vincent and the Grenadines	VC	https://unstats.un.org/unsd/methodology/m49/
Caribbean	caribbean	Sint Maarten (Dutch part)	SX	https://unstats.un.org/unsd/methodology/m49/
Caribbean	caribbean	Trinidad and Tobago	TT	https://unstats.un.org/unsd/methodology/m49/
Caribbean	caribbean	Turks and Caicos Islands	TC	https://unstats.un.org/unsd/methodology/m49/
Caribbean	caribbean	United States Virgin Islands	VI	https://unstats.un.org/unsd/methodology/m49/
Middle East	middle-east	Algeria	DZ	https://www.state.gov/p/nea/index.htm
Middle East	middle-east	Bahrain	BH	https://www.state.gov/p/nea/index.htm
Middle East	middle-east	Egypt	EG	https://www.state.gov/p/nea/index.htm
Middle East	middle-east	Iran	IR	https://www.state.gov/p/nea/index.htm
Middle East	middle-east	Iraq	IQ	https://www.state.gov/p/nea/index.htm
Middle East	middle-east	Israel	IL	https://www.state.gov/p/nea/index.htm
Middle East	middle-east	Jordan	JO	https://www.state.gov/p/nea/index.htm
Middle East	middle-east	Kuwait	KW	https://www.state.gov/p/nea/index.htm
Middle East	middle-east	Lebanon	LB	https://www.state.gov/p/nea/index.htm
Middle East	middle-east	Libya	LY	https://www.state.gov/p/nea/index.htm
Middle East	middle-east	Morocco	MA	https://www.state.gov/p/nea/index.htm
Middle East	middle-east	Oman	OM	https://www.state.gov/p/nea/index.htm
Middle East	middle-east	Palestinian Territories	PS	https://www.state.gov/p/nea/index.htm
Middle East	middle-east	Qatar	QA	https://www.state.gov/p/nea/index.htm
Middle East	middle-east	Saudi Arabia	SA	https://www.state.gov/p/nea/index.htm
Middle East	middle-east	Syria	SY	https://www.state.gov/p/nea/index.htm
Middle East	middle-east	Tunisia	TN	https://www.state.gov/p/nea/index.htm
Middle East	middle-east	United Arab Emirates	AE	https://www.state.gov/p/nea/index.htm
Middle East	middle-east	Yemen	YE	https://www.state.gov/p/nea/index.htm
ASEAN	asean	Brunei	BN	http://asean.org/asean/asean-member-states/
ASEAN	asean	Cambodia	KH	http://asean.org/asean/asean-member-states/
ASEAN	asean	Indonesia	ID	http://asean.org/asean/asean-member-states/
ASEAN	asean	Laos	LA	http://asean.org/asean/asean-member-states/
ASEAN	asean	Malaysia	MY	http://asean.org/asean/asean-member-states/
ASEAN	asean	Myanmar	MM	http://asean.org/asean/asean-member-states/
ASEAN	asean	Philippines	PH	http://asean.org/asean/asean-member-states/
ASEAN	asean	Singapore	SG	http://asean.org/asean/asean-member-states/
ASEAN	asean	Thailand	TH	http://asean.org/asean/asean-member-states/
ASEAN	asean	Vietnam	VN	http://asean.org/asean/asean-member-states/
MENA	mena	Algeria	DZ	http://www.worldbank.org/en/region/mena
MENA	mena	Bahrain	BH	http://www.worldbank.org/en/region/mena
MENA	mena	Djibouti	DJ	http://www.worldbank.org/en/region/mena
MENA	mena	Egypt	EG	http://www.worldbank.org/en/region/mena
MENA	mena	Iran	IR	http://www.worldbank.org/en/region/mena
MENA	mena	Iraq	IQ	http://www.worldbank.org/en/region/mena
MENA	mena	Jordan	JO	http://www.worldbank.org/en/region/mena
MENA	mena	Kuwait	KW	http://www.worldbank.org/en/region/mena
MENA	mena	Lebanon	LB	http://www.worldbank.org/en/region/mena
MENA	mena	Libya	LY	http://www.worldbank.org/en/region/mena
MENA	mena	Morocco	MA	http://www.worldbank.org/en/region/mena
MENA	mena	Oman	OM	http://www.worldbank.org/en/region/mena
MENA	mena	Qatar	QA	http://www.worldbank.org/en/region/mena
MENA	mena	Saudi Arabia	SA	http://www.worldbank.org/en/region/mena
MENA	mena	Syria	SY	http://www.worldbank.org/en/region/mena
MENA	mena	Tunisia	TN	http://www.worldbank.org/en/region/mena
MENA	mena	United Arab Emirates	AE	http://www.worldbank.org/en/region/mena
MENA	mena	West Bank and Gaza		http://www.worldbank.org/en/region/mena
MENA	mena	Yemen	YE	http://www.worldbank.org/en/region/mena
ECOWAS	ecowas	Benin	BJ	http://www.ecowas.int/member-states/
ECOWAS	ecowas	Burkina Faso	BF	http://www.ecowas.int/member-states/
ECOWAS	ecowas	Cabo Verde	CV	http://www.ecowas.int/member-states/
ECOWAS	ecowas	Cote D'Ivoire	CI	http://www.ecowas.int/member-states/
ECOWAS	ecowas	Gambia	GM	http://www.ecowas.int/member-states/
ECOWAS	ecowas	Ghana	GH	http://www.ecowas.int/member-states/
ECOWAS	ecowas	Guinea	GN	http://www.ecowas.int/member-states/
ECOWAS	ecowas	Guinea-Bissau	GW	http://www.ecowas.int/member-states/
ECOWAS	ecowas	Liberia	LR	http://www.ecowas.int/member-states/
ECOWAS	ecowas	Mali	ML	http://www.ecowas.int/member-states/
ECOWAS	ecowas	Niger	NE	http://www.ecowas.int/member-states/
ECOWAS	ecowas	Nigeria	NG	http://www.ecowas.int/member-states/
ECOWAS	ecowas	Senegal	SN	http://www.ecowas.int/member-states/
ECOWAS	ecowas	Sierra Leone	SL	http://www.ecowas.int/member-states/
ECOWAS	ecowas	Togo	TG	http://www.ecowas.int/member-states/
Asia-Pacific	asia-pacific	Australia	AU	https://apcss.org/about-2/ap-countries/
Asia-Pacific	asia-pacific	Bangladesh	BD	https://apcss.org/about-2/ap-countries/
Asia-Pacific	asia-pacific	Bhutan	BT	https://apcss.org/about-2/ap-countries/
Asia-Pacific	asia-pacific	Brunei	BN	https://apcss.org/about-2/ap-countries/
Asia-Pacific	asia-pacific	Myanmar	MM	https://apcss.org/about-2/ap-countries/
Asia-Pacific	asia-pacific	Cambodia	KH	https://apcss.org/about-2/ap-countries/
Asia-Pacific	asia-pacific	Canada	CA	https://apcss.org/about-2/ap-countries/
Asia-Pacific	asia-pacific	China	CN	https://apcss.org/about-2/ap-countries/
Asia-Pacific	asia-pacific	Chile	CL	https://apcss.org/about-2/ap-countries/
Asia-Pacific	asia-pacific	Cook Islands	CK	https://apcss.org/about-2/ap-countries/
Asia-Pacific	asia-pacific	Fiji	FJ	https://apcss.org/about-2/ap-countries/
Asia-Pacific	asia-pacific	French Polynesia	PF	https://apcss.org/about-2/ap-countries/
Asia-Pacific	asia-pacific	India	IN	https://apcss.org/about-2/ap-countries/
Asia-Pacific	asia-pacific	Indonesia	ID	https://apcss.org/about-2/ap-countries/
Asia-Pacific	asia-pacific	Japan	JP	https://apcss.org/about-2/ap-countries/
Asia-Pacific	asia-pacific	Kiribati	KI	https://apcss.org/about-2/ap-countries/
Asia-Pacific	asia-pacific	Laos	LA	https://apcss.org/about-2/ap-countries/
Asia-Pacific	asia-pacific	Malaysia	MY	https://apcss.org/about-2/ap-countries/
Asia-Pacific	asia-pacific	Maldives	MV	https://apcss.org/about-2/ap-countries/
Asia-Pacific	asia-pacific	Marshall Islands	MH	https://apcss.org/about-2/ap-countries/
Asia-Pacific	asia-pacific	Micronesia	FM	https://apcss.org/about-2/ap-countries/
Asia-Pacific	asia-pacific	Mongolia	MN	https://apcss.org/about-2/ap-countries/
Asia-Pacific	asia-pacific	Nauru	NR	https://apcss.org/about-2/ap-countries/
Asia-Pacific	asia-pacific	Nepal	NP	https://apcss.org/about-2/ap-countries/
Asia-Pacific	asia-pacific	New Zealand	NZ	https://apcss.org/about-2/ap-countries/
Asia-Pacific	asia-pacific	New Caledonia	NC	https://apcss.org/about-2/ap-countries/
Asia-Pacific	asia-pacific	Niue	NU	https://apcss.org/about-2/ap-countries/
Asia-Pacific	asia-pacific	North Korea	KP	https://apcss.org/about-2/ap-countries/
Asia-Pacific	asia-pacific	Pakistan	PK	https://apcss.org/about-2/ap-countries/
Asia-Pacific	asia-pacific	Palau	PW	https://apcss.org/about-2/ap-countries/
Asia-Pacific	asia-pacific	Papua New Guinea	PG	https://apcss.org/about-2/ap-countries/
Asia-Pacific	asia-pacific	Peru	PE	https://apcss.org/about-2/ap-countries/
Asia-Pacific	asia-pacific	Philippines	PH	https://apcss.org/about-2/ap-countries/
Asia-Pacific	asia-pacific	Russian Federation	RU	https://apcss.org/about-2/ap-countries/
Asia-Pacific	asia-pacific	Samoa	WS	https://apcss.org/about-2/ap-countries/
Asia-Pacific	asia-pacific	Singapore	SG	https://apcss.org/about-2/ap-countries/
Asia-Pacific	asia-pacific	Solomon Islands	SB	https://apcss.org/about-2/ap-countries/
Asia-Pacific	asia-pacific	South Korea	KR	https://apcss.org/about-2/ap-countries/
Asia-Pacific	asia-pacific	Sri Lanka	LK	https://apcss.org/about-2/ap-countries/
Asia-Pacific	asia-pacific	Thailand	TH	https://apcss.org/about-2/ap-countries/
Asia-Pacific	asia-pacific	Timor-Leste	TL	https://apcss.org/about-2/ap-countries/
Asia-Pacific	asia-pacific	Tonga	TO	https://apcss.org/about-2/ap-countries/
Asia-Pacific	asia-pacific	Tuvalu	TV	https://apcss.org/about-2/ap-countries/
Asia-Pacific	asia-pacific	Vanuatu	VU	https://apcss.org/about-2/ap-countries/
Asia-Pacific	asia-pacific	Vietnam	VN	https://apcss.org/about-2/ap-countries/
Asia-Pacific	asia-pacific	United States of America	US	https://apcss.org/about-2/ap-countries/
CARICOM	caricom	Antigua and Barbuda	AG	https://caricom.org/about-caricom/who-we-are/our-governance/members-and-associate-members/
CARICOM	caricom	Bahamas	BS	https://caricom.org/about-caricom/who-we-are/our-governance/members-and-associate-members/
CARICOM	caricom	Barbados	BB	https://caricom.org/about-caricom/who-we-are/our-governance/members-and-associate-members/
CARICOM	caricom	Belize	BZ	https://caricom.org/about-caricom/who-we-are/our-governance/members-and-associate-members/
CARICOM	caricom	Dominica	DM	https://caricom.org/about-caricom/who-we-are/our-governance/members-and-associate-members/
CARICOM	caricom	Grenada	GD	https://caricom.org/about-caricom/who-we-are/our-governance/members-and-associate-members/
CARICOM	caricom	Guyana	GY	https://caricom.org/about-caricom/who-we-are/our-governance/members-and-associate-members/
CARICOM	caricom	Haiti	HT	https://caricom.org/about-caricom/who-we-are/our-governance/members-and-associate-members/
CARICOM	caricom	Jamaica	JM	https://caricom.org/about-caricom/who-we-are/our-governance/members-and-associate-members/
CARICOM	caricom	Montserrat	MS	https://caricom.org/about-caricom/who-we-are/our-governance/members-and-associate-members/
CARICOM	caricom	Saint Lucia	LC	https://caricom.org/about-caricom/who-we-are/our-governance/members-and-associate-members/
CARICOM	caricom	St Kitts and Nevis	KN	https://caricom.org/about-caricom/who-we-are/our-governance/members-and-associate-members/
CARICOM	caricom	St Vincent and the Grenadines	VC	https://caricom.org/about-caricom/who-we-are/our-governance/members-and-associate-members/
Nordic countries	nordic-countries	Denmark	DK	
Nordic countries	nordic-countries	Finland	FI	
Nordic countries	nordic-countries	Iceland	IS	
Nordic countries	nordic-countries	Norway	NO	
Nordic countries	nordic-countries	Sweden	SE	
Nordic countries	nordic-countries	Faroe Islands	FO	
Nordic countries	nordic-countries	Aland	AX	
Nordic countries	nordic-countries	Greenland	GL	